{"count":1,"self":33.223231999999996,"total":37.5401966,"children":{"InitializeActuators":{"count":13,"self":0.0025041,"total":0.0025041,"children":null},"InitializeSensors":{"count":13,"self":0.0030310999999999997,"total":0.0030310999999999997,"children":null},"AgentSendState":{"count":1168,"self":0.4379937,"total":0.5171703,"children":{"CollectObservations":{"count":5842,"self":0.057980699999999996,"total":0.057980699999999996,"children":null},"WriteActionMask":{"count":5842,"self":0.0029912999999999997,"total":0.0029912999999999997,"children":null},"RequestDecision":{"count":5842,"self":0.018204599999999998,"total":0.018204599999999998,"children":null}}},"DecideAction":{"count":1168,"self":3.4871415999999997,"total":3.7496495,"children":{"RayPerceptionSensor.Perceive":{"count":5587,"self":0.26250799999999996,"total":0.26250799999999996,"children":null}}},"AgentAct":{"count":1168,"self":0.0436113,"total":0.0436113,"children":null}},"gauges":{},"metadata":{"timer_format_version":"0.1.0","start_time_seconds":"1680814265","unity_version":"2021.3.11f1","command_line_arguments":"C:\\Program Files\\Unity\\Hub\\Editor\\2021.3.11f1\\Editor\\Unity.exe -projectpath C:\\Users\\trave\\Documents\\GitHub\\colony_ml_game -useHub -hubIPC -cloudEnvironment production -licensingIpc LicenseClient-trave -hubSessionId ee625620-d04b-11ed-98c5-ede69d9eb5dc","communication_protocol_version":"1.5.0","com.unity.ml-agents_version":"2.0.1","scene_name":"main","end_time_seconds":"1680814302"}}