{"count":1,"self":2549.1601407999997,"total":3211.8271978999996,"children":{"InitializeActuators":{"count":1182,"self":0.027375299999999998,"total":0.027375299999999998,"children":null},"InitializeSensors":{"count":1182,"self":0.135327,"total":0.135327,"children":null},"AgentSendState":{"count":1547101,"self":6.6310975999999995,"total":53.1483925,"children":{"CollectObservations":{"count":19466,"self":0.1087865,"total":0.1087865,"children":null},"WriteActionMask":{"count":19466,"self":0.0406082,"total":0.0406082,"children":null},"RequestDecision":{"count":19466,"self":0.25519539999999996,"total":46.3679,"children":{"AgentInfo.ToProto":{"count":19466,"self":0.2587425,"total":46.1127046,"children":{"GenerateSensorData":{"count":19466,"self":11.912756,"total":45.8539621,"children":{"RenderTextureSensor.GetCompressedObservation":{"count":19466,"self":33.9412064,"total":33.941206099999995,"children":null}}}}}}}}},"DecideAction":{"count":1547101,"self":579.3879552,"total":579.3879574,"children":null},"AgentAct":{"count":1547101,"self":26.4697168,"total":28.271774999999998,"children":{"AgentInfo.ToProto":{"count":1412,"self":0.0089711,"total":1.8020588,"children":{"GenerateSensorData":{"count":1412,"self":0.063973099999999991,"total":1.7930876999999998,"children":{"RenderTextureSensor.GetCompressedObservation":{"count":1412,"self":1.7291146,"total":1.7291146,"children":null}}}}}}},"AgentInfo.ToProto":{"count":1170,"self":0.0166811,"total":1.6942652,"children":{"GenerateSensorData":{"count":1170,"self":0.030027599999999998,"total":1.6775841,"children":{"RenderTextureSensor.GetCompressedObservation":{"count":1170,"self":1.6475564999999999,"total":1.6475564999999999,"children":null}}}}}},"gauges":{"Agent.CumulativeReward":{"count":1412,"max":8.75,"min":-12.250001,"runningAverage":-0.0127125792,"value":1.8,"weightedAverage":-3.87999439}},"metadata":{"timer_format_version":"0.1.0","start_time_seconds":"1678921371","unity_version":"2021.3.11f1","command_line_arguments":"C:\\Program Files\\Unity\\Hub\\Editor\\2021.3.11f1\\Editor\\Unity.exe -projectpath C:\\Users\\trave\\OneDrive\\Documents\\GitHub\\colony_ml_game -useHub -hubIPC -cloudEnvironment production -licensingIpc LicenseClient-trave -hubSessionId 79209000-c35f-11ed-878c-2b49cda37055 -accessToken _lfb6PsmYoPxmZdOVPvk5GruxQiL9uQYizYKjHC04u4003f","communication_protocol_version":"1.5.0","com.unity.ml-agents_version":"2.0.1","scene_name":"TrainingScene_02","end_time_seconds":"1678924583"}}