{"count":1,"self":3664.9410559999997,"total":4096.0941684,"children":{"InitializeActuators":{"count":218,"self":0.0058049999999999994,"total":0.0058049999999999994,"children":null},"InitializeSensors":{"count":218,"self":0.0098269999999999989,"total":0.0098269999999999989,"children":null},"AgentSendState":{"count":544967,"self":2.8425252,"total":146.0781471,"children":{"CollectObservations":{"count":20099,"self":120.68556799999999,"total":120.6855717,"children":null},"WriteActionMask":{"count":20099,"self":0.0646089,"total":0.0646089,"children":null},"RequestDecision":{"count":20099,"self":0.2574866,"total":22.485441299999998,"children":{"AgentInfo.ToProto":{"count":20099,"self":0.3301749,"total":22.227954699999998,"children":{"GenerateSensorData":{"count":20099,"self":21.8977792,"total":21.8977798,"children":null}}}}}}},"DecideAction":{"count":544967,"self":258.0075776,"total":258.0075713,"children":null},"AgentAct":{"count":544967,"self":26.503567999999998,"total":26.8940095,"children":{"AgentInfo.ToProto":{"count":681,"self":0.014163499999999999,"total":0.3904409,"children":{"GenerateSensorData":{"count":681,"self":0.3762774,"total":0.3762774,"children":null}}}}},"AgentInfo.ToProto":{"count":206,"self":0.0058427999999999996,"total":0.1576331,"children":{"GenerateSensorData":{"count":206,"self":0.1517903,"total":0.1517903,"children":null}}}},"gauges":{"Agent.CumulativeReward":{"count":681,"max":37.5500145,"min":-81.3999939,"runningAverage":6.294273,"value":9.349998,"weightedAverage":4.338385}},"metadata":{"timer_format_version":"0.1.0","start_time_seconds":"1679114974","unity_version":"2021.3.11f1","command_line_arguments":"C:\\Program Files\\Unity\\Hub\\Editor\\2021.3.11f1\\Editor\\Unity.exe -projectpath C:\\Users\\trave\\OneDrive\\Documents\\GitHub\\colony_ml_game -useHub -hubIPC -cloudEnvironment production -licensingIpc LicenseClient-trave -hubSessionId e3f32ee0-c50f-11ed-a182-41c1fd0b6994 -accessToken a_nMeturkPf5HM1KtWgGmVzvPfeQCdXNysgs5Sss6bw003f","communication_protocol_version":"1.5.0","com.unity.ml-agents_version":"2.0.1","scene_name":"TrainingScene_02","end_time_seconds":"1679119070"}}