{"count":1,"self":48982.985932799995,"total":84784.341758,"children":{"InitializeActuators":{"count":32,"self":0.0018809999999999999,"total":0.0018809999999999999,"children":null},"InitializeSensors":{"count":32,"self":0.0020239999999999998,"total":0.0020239999999999998,"children":null},"AgentSendState":{"count":7936505,"self":264.619264,"total":919.004104,"children":{"CollectObservations":{"count":50796928,"self":170.3296768,"total":170.329672,"children":null},"WriteActionMask":{"count":50796928,"self":67.3179328,"total":67.317932,"children":null},"RequestDecision":{"count":50796928,"self":127.51838719999999,"total":416.73722399999997,"children":{"AgentInfo.ToProto":{"count":25398464,"self":83.141446399999992,"total":289.21883199999996,"children":{"GenerateSensorData":{"count":25398464,"self":206.0773888,"total":206.077385,"children":null}}}}}}},"DecideAction":{"count":7936505,"self":33299.6640768,"total":33299.664431,"children":null},"AgentAct":{"count":7936505,"self":1539.2835584,"total":1539.283596,"children":null},"AgentInfo.ToProto":{"count":1751419,"self":11.763384799999999,"total":43.400354,"children":{"GenerateSensorData":{"count":1751419,"self":31.636969599999997,"total":31.636968999999997,"children":null}}}},"gauges":{"Volleyball.CumulativeReward":{"count":3502838,"max":2,"min":-2,"runningAverage":-1.15081576E-10,"value":1,"weightedAverage":0.136376739}},"metadata":{"timer_format_version":"0.1.0","start_time_seconds":"1679947948","unity_version":"2020.3.30f1","command_line_arguments":"\/home\/sridhar\/Unity-2020.3.30f1\/Editor\/Unity -projectpath \/home\/sridhar\/Documents\/0 SFU Acad\/Term 2\/visual-computing-II\/ultimate-volleyball -useHub -hubIPC -cloudEnvironment production -hubSessionId f87a5270-c90c-11ed-a5d3-83b9f46e685a","communication_protocol_version":"1.5.0","com.unity.ml-agents_version":"2.1.0-exp.1","scene_name":"Volleyball","end_time_seconds":"1680032732"}}